{"cameraMode":{"drawMode":0,"name":"Shaded","section":"Shading Mode"},"sceneLighting":true,"audioPlay":false,"sceneViewState":{"m_AlwaysRefresh":false,"showFog":true,"showSkybox":true,"showFlares":true,"showImageEffects":true,"showParticleSystems":true,"showVisualEffectGraphs":true,"m_FxEnabled":true},"in2DMode":false,"pivot":{"x":-0.3224712610244751,"y":-6.309388637542725,"z":-7.584194183349609},"rotation":{"x":-0.004686486441642046,"y":-0.9399577975273132,"z":0.34131157398223879,"w":-0.012686594389379025},"size":7.210519313812256,"orthographic":false}